{  "@context": "http://schema.org",
  "@type": [
    "Winery",
    "TouristAttraction"],
  "name": "Befehlhof - Vetzan",
  "description": "Order your personal wine tasting and experience the Vinschgau wine culture.",
  "address": {
    "@type": "PostalAddress",
    "addressLocality": "Vezzano",
    "addressCountry": "I",
    "postalCode": "39028",
    "streetAddress": "Torggelweg 2"
  },
  "aggregateRating": {
    "@type": "AggregateRating",
    "bestRating": 5,
    "ratingCount": 2,
    "ratingValue": 4
  },
  "publicAccess": true,
  "availableLanguage":[
    "English",
    "German",
    "Italian"
  ], 
  "openingHours": [
    "Mo-Fr 11:00-13:00",
    "Mo-Fr 17:00-18:00"
  ],
  "touristType": [
    "Wine tourism",
    "Cultural tourism"
  ],
  "telephone": "+34983878011",
  "url": "http://www.befehlhof.it/",
  "email": "info@befehlhof.it",
  "image": "http://www.befehlhof.it/befehlhof.jpg",
  "priceRange":"$$$",
  "servesCuisine":"Cold dishes"}