{
  "@context": "http://schema.org" 
  ,"@type": "Campground"
  ,"name": "Camping Vogelsang"
  ,"url": "http://www.camping-vogelsang.com/"
  ,"image": "http://www.camping-vogelsang.com/files/vogelsang_header_03.jpg"
  ,"description": "Campground in Silandro; Val Venosta"
  ,"sameAs": "https://www.facebook.com/campingvogelsang/"
  ,"telephone": "+39 328 4690064"
  ,"priceRange":"$$"
  ,"email": "info@campingvogelsang.it"
  ,"checkinTime": "T11:00+0100"
  ,"checkoutTime": "T22:00+0100"
  ,"aggregateRating": {
    "@type": "AggregateRating"
    ,"bestRating": 5
    ,"ratingCount": 38
    ,"ratingValue": 4.7
  }
  ,"address" :  {
    "@type" : "PostalAddress"
    ,"streetAddress": "Vogelsangstr. 27"
    ,"addressLocality": "Schlanders"
    ,"addressRegion": "Bolzano"
    ,"postalCode": "39028"
    ,"addressCountry": "Schlanders"
  }
  ,"geo":{
    "@type":"GeoCoordinates"
    ,"latitude":"46.6384228"
    ,"longitude":"10.7636487"
    ,"elevation":"2100ft"
  }
  ,"hasMap":"https://www.google.com/maps/place/
  Camping+Vogelsang/@46.6384228,10.7636487,15z"
  ,"audience": { 
    "@type" : "http://schema.org/PeopleAudience"
    , "audienceType": "Families, Camping" 
}
  ,"availableLanguage": "English, German"
  ,"starRating": { 
"@type" : "http://schema.org/Rating"
 , "ratingValue": "3" 
}
  ,"petsAllowed": "True"
  ,"smokingAllowed": "True"
  ,"makesOffer" : {
  "@type" : "Offer"
  ,"name": "Camping pitch 1 Day"
  ,"description": "Best Available Rate"
  ,"priceSpecification" : {
    "@type" : "UnitPriceSpecification"
    ,"price": "35"
    ,"priceCurrency": "EUR"
    ,"unitCode": "DAY"
  }
  ,"acceptedPaymentMethod": [
    {"@type" : "PaymentMethod", "url" : "http://purl.org/goodrelations/v1#Cash"}
    ,{"@type" : "PaymentMethod", "url" : "http://purl.org/goodrelations/v1#AmericanExpress"}
    ,{"@type" : "PaymentMethod", "url" : "http://purl.org/goodrelations/v1#MasterCard"}
    ,{"@type" : "PaymentMethod", "url" : "http://purl.org/goodrelations/v1#VISA"}
    
 ]
  ,"validThrough": "2019-01-11"
}
,"amenityFeature": [
  {"@type" : "LocationFeatureSpecification", "value": "True", "name": "Garden"}
 , 
  {"@type" : "LocationFeatureSpecification", "value": "True", "name": "Free WiFi"}
 , 
  {"@type" : "LocationFeatureSpecification", "value": "True", "name": "Shower"}]}

      