{
  "@context": "http://schema.org/",
  "@type": "LodgingBusiness",
  "aggregateRating": {
    "@type": "AggregateRating",
    "bestRating": 5,
    "ratingCount": 30,
    "ratingValue": 4
  },
  "availableLanguage": [
    "DE",
    "IT",
    "EN"
  ],
  "checkinTime": "14:00",
  "checkoutTime": "11:00",
  
     "address": {
      "@type": "PostalAddress",
      "addressCountry": "Italy",
      "addressLocality": "Silandro",
      "addressRegion": "Bolzano",
      "postalCode": "39028",
      "streetAddress": "Via Covelano 35"
    
    },
  "contactPoint": {
    "@type": "ContactPoint",
    "contactType": "customer service",
    "email": "info@parkhotel-linde.com",
    "faxNumber": "00390473730144",
    "hoursAvailable": {
      "@type": "OpeningHoursSpecification",
      "closes": "01:00",
      "dayOfWeek": "http://schema.org/Wednesday",
      "opens": "08:00"
    },
    "name": "Peter laimer",
    "telephone": "+390473730060"
  },
  "containsPlace": {
    "@type": "Accommodation",
    "description": "Double room with bathroom and service mountain view",
    "name": "Double room"
  },
  "currenciesAccepted": "EUR",
  "description": "4-Star hotel in the valley Vinschgau",
  "email": "info@parkhotel-linde.com",
  "faxNumber": "00390473730144",
  "founder": {
    "@type": "Person",
    "name": "Adalbert Laimer"
  },
  "foundingDate": "1960-01-01",
  "geo": {
    "@type": "GeoCoordinates",
    "latitude": 46.625966,
    "longitude": 10.771343
  },
  "image": "http://parkhotel-linde.com/files/cto_layout/img/logos/Logohotel.jpg",
  "location": {
    "@type": "Place",
    "address": {
      "@type": "PostalAddress",
      "addressCountry": "Italy",
      "addressLocality": "Silandro",
      "addressRegion": "Bolzano",
      "postalCode": "39028",
      "streetAddress": "Via Covelano 35"
    },
    "name": "Parkhotel zur Linde"
  },
  "makesOffer": {
    "@type": "Offer",
    "availability": "http://schema.org/OnlineOnly",
    "itemOffered": {
      "@type": "HotelRoom",
      "description": "Double Room with mountain view and breakfast",
      "name": "Double Room ",
      "bed": "King size",
      "numberOfRooms": {
        "@type": "QuantitativeValue",
        "value": "1"
      },
      "occupancy": {
        "@type": "QuantitativeValue",
        "value": "2"
      },
      "image": "http://parkhotel-linde.com/zimmer.html"
    },
    "name": "Double room offer with breakfast",
    "price": 130,
    "priceCurrency": "EUR",
    "priceSpecification": {
      "@type": "PriceSpecification",
      "maxPrice": 150,
      "minPrice": 100,
      "priceCurrency": "EUR"
    }
  },
  "name": "Parkhotel zur Linde",
  "openingHoursSpecification": {
    "@type": "OpeningHoursSpecification",
    "closes": "01:00",
    "dayOfWeek": "http://schema.org/Wednesday",
    "opens": "08:00"
  },
  "paymentAccepted": [
    "Visa",
    "Cash",
    "Master"
  ],
  "petsAllowed": true,
  "priceRange": "$$$$",
  "starRating": {
    "@type": "Rating",
    "ratingValue": "4"
  },
  "telephone": "00390473730060",
  "url": "www.parkhotel-linde.com"
  
 
}