{
      "@context":              "http://schema.org",
      "@type":                 "LodgingReservation",
      "reservationNumber":     "IO12345",
      "reservationStatus": "http://schema.org/ReservationConfirmed",
      "checkinDate": "2018-01-28T16:00:00-08:00",
      "checkoutDate": "2018-01-30T11:00:00-08:00",
      "underName": {
        "@type":               "Person",
        "name":                "Daniel Laimer"
      },
      "reservationFor": {
        "@type":               "LodgingBusiness",
        "name":                "Double Room with view",
        "telephone":          "+39 0473730060",
              
      "address": {
        "@type":           "PostalAddress",
        "streetAddress":   "via Covelano 35",
        "addressLocality": "Silandro",
        "addressRegion":   "BZ",
        "postalCode":      "39028",
        "addressCountry":  "I"
          }
      }
 }