{
  "@context": "http://schema.org"
  ,"@type": ["Suite", "Product"]
  ,"name": "Familysuite South"
  ,"url": "https://www.prokulus.it/en/rooms-offers/
  hotel-zimmer-1506-familysuite-south-main-house.html"
  ,"image": "https://cst-media1.viomassl.com/1495/303248/1024x0s"
  ,"description": "Enjoy this elegant and comfortable family suite. Bedroom with seating corner furnished with natural and bright materials...."
  ,"logo": "https://cst-media3.viomassl.com/1495/303062/1024x0s"
  ,"category": "Family Hotels"
  ,"petsAllowed": "True"
  ,"smokingAllowed": "http://schema.org/False"
  ,"numberOfRooms":2
  ,"audience": { 
    "@type" : "http://schema.org/PeopleAudience"
    , "audienceType": "Families" 
  }  ,"brand": { 
    "@type" : "http://schema.org/Brand"
    ,"name": "Prokulus" 
  } 
  ,"bed": 
  { 
  "@type" : "BedDetails" 
   ,"numberOfBeds" : 3 
   ,"typeOfBed":"Kings Beds"
  }
  ,"occupancy": {
  "@type" : "QuantitativeValue"
    ,"minValue" : "3"
    ,"maxValue" : "6"
    ,"unitCode" : "C62"
  }
  ,"amenityFeature": [
  {"@type" : "LocationFeatureSpecification", "value": "True", "name": "Safe"}
  , 
  {"@type" : "LocationFeatureSpecification", "value": "True", "name": "Keurig Gourmet Coffee and Tea Brewing System"}
  , 
  {"@type" : "LocationFeatureSpecification", "value": "True", "name": "24-hour Room Service"}]
  
}